--1.DEPARTMENT: 10 ROWS
SET CONSTRAINTS dept_dean_fk  DEFERRED;
INSERT INTO DEPARTMENT VALUES ('IMD', 'Internal Medicine', 'E00000011');
INSERT INTO DEPARTMENT VALUES ('PED', 'Pediatrics', 'E00000012');
INSERT INTO DEPARTMENT VALUES ('SRG', 'Surgery', 'E00000013');
INSERT INTO DEPARTMENT VALUES ('CRD', 'Cardiology', 'E00000014');
INSERT INTO DEPARTMENT VALUES ('DER', 'Dermatology', 'E00000015');
INSERT INTO DEPARTMENT VALUES ('OBS', 'Obstetrics', 'E00000016');
INSERT INTO DEPARTMENT VALUES ('NEU', 'Neurology', 'E00000017');
INSERT INTO DEPARTMENT VALUES ('ORT', 'Orthopedics', 'E00000018');
INSERT INTO DEPARTMENT VALUES ('ONC', 'Oncology', 'E00000019');
INSERT INTO DEPARTMENT VALUES ('ENT', 'ENT', 'E00000020');
--2.EMPLOYEE : 30 ROWS
INSERT INTO EMPLOYEE VALUES ('E00000001', 'Nguyen', 'Van A', 'M', '731 Fondren, Houston, TX', TO_DATE('2018-01-15', 'YYYY-MM-DD'), 'Internal Medicine', 2018, 'IMD');
INSERT INTO EMPLOYEE VALUES ('E00000002', 'Emily', 'Johnson', 'F', '638 Voss, Houston, TX', TO_DATE('2020-05-20', 'YYYY-MM-DD'), 'Pediatrics', 2020, 'PED');
INSERT INTO EMPLOYEE VALUES ('E00000003', 'David', 'Williams', 'M', '845 Main, Austin, TX', TO_DATE('2019-11-10', 'YYYY-MM-DD'), 'Surgery', 2019, 'SRG');
INSERT INTO EMPLOYEE VALUES ('E00000004', 'Sarah', 'Brown', 'F', '456 Allen, Dallas, TX', TO_DATE('2018-08-03', 'YYYY-MM-DD'), 'Cardiology', 2021, 'CRD');
INSERT INTO EMPLOYEE VALUES ('E00000005', 'Michael', 'Davis', 'M', '221 Oak, San Antonio, TX', TO_DATE('2017-03-25', 'YYYY-MM-DD'), 'Dermatology', 2017, 'DER');
INSERT INTO EMPLOYEE VALUES ('E00000006', 'Olivia', 'Miller', 'F', '932 Elm, Fort Worth, TX', TO_DATE('2020-09-14', 'YYYY-MM-DD'), 'Obstetrics', 2020, 'OBS');
INSERT INTO EMPLOYEE VALUES ('E00000007', 'James', 'Garcia', 'M', '567 Pine, Houston, TX', TO_DATE('2018-02-28', 'YYYY-MM-DD'), 'Neurology', 2018, 'NEU');
INSERT INTO EMPLOYEE VALUES ('E00000008', 'Sophia', 'Martinez', 'F', '763 Walnut, Dallas, TX', TO_DATE('2019-07-19', 'YYYY-MM-DD'), 'Orthopedics', 2019, 'ORT');
INSERT INTO EMPLOYEE VALUES ('E00000009', 'Daniel', 'Lopez', 'M', '321 Sycamore, Austin, TX', TO_DATE('2020-06-30', 'YYYY-MM-DD'), 'Oncology', 2020, 'ONC');
INSERT INTO EMPLOYEE VALUES ('E00000010', 'Chloe', 'Gonzalez', 'F', '127 Oakwood, San Antonio, TX', TO_DATE('2017-04-12', 'YYYY-MM-DD'), 'ENT', 2017, 'ENT');

INSERT INTO EMPLOYEE VALUES ('E00000011', 'William', 'Wilson', 'M', '899 Cedarwood, Dallas, TX', TO_DATE('2015-10-05', 'YYYY-MM-DD'), 'Internal Medicine', 2015, 'IMD');
INSERT INTO EMPLOYEE VALUES ('E00000012', 'Ava', 'Anderson', 'F', '543 Maplewood, Austin, TX', TO_DATE('2016-12-20', 'YYYY-MM-DD'), 'Pediatrics', 2016, 'PED');
INSERT INTO EMPLOYEE VALUES ('E00000013', 'Tran', 'Van B', 'M', '775 Birchwood, Houston, TX', TO_DATE('2016-09-08', 'YYYY-MM-DD'), 'Surgery', 2016, 'SRG');
INSERT INTO EMPLOYEE VALUES ('E00000014', 'Mia', 'Hernandez', 'F', '623 Elmwood, San Antonio, TX', TO_DATE('2015-04-17', 'YYYY-MM-DD'), 'Cardiology', 2015, 'CRD');
INSERT INTO EMPLOYEE VALUES ('E00000015', 'Noah', 'Nelson', 'M', '881 Pinewood, Fort Worth, TX', TO_DATE('2018-03-02', 'YYYY-MM-DD'), 'Dermatology', 2018, 'DER');
INSERT INTO EMPLOYEE VALUES ('E00000016', 'Emma', 'Walker', 'F', '357 Walnutwood, Dallas, TX', TO_DATE('2014-11-28', 'YYYY-MM-DD'), 'Obstetrics', 2014, 'OBS');
INSERT INTO EMPLOYEE VALUES ('E00000017', 'Liam', 'Hill', 'M', '444 Oakhill, Austin, TX', TO_DATE('2017-06-14', 'YYYY-MM-DD'), 'Neurology', 2017, 'NEU');
INSERT INTO EMPLOYEE VALUES ('E00000018', 'Isabella', 'Scott', 'F', '555 Birchhill, Houston, TX', TO_DATE('2016-08-07', 'YYYY-MM-DD'), 'Orthopedics', 2016, 'ORT');
INSERT INTO EMPLOYEE VALUES ('E00000019', 'Ella', 'Green', 'F', '223 Cedarhill, San Antonio, TX', TO_DATE('2017-02-19', 'YYYY-MM-DD'), 'Oncology', 2017, 'ONC');
INSERT INTO EMPLOYEE VALUES ('E00000020', 'Mason', 'Adams', 'M', '999 Pinewood, Dallas, TX', TO_DATE('2018-01-03', 'YYYY-MM-DD'), 'ENT', 2018, 'ENT');

INSERT INTO EMPLOYEE VALUES ('E00000021', 'Lucy', 'Baker', 'F', '123 Elm St, Houston, TX', TO_DATE('2019-02-28', 'YYYY-MM-DD'), 'Internal Medicine', 2019, 'IMD');
INSERT INTO EMPLOYEE VALUES ('E00000022', 'Jackson', 'Clark', 'M', '456 Oak St, Austin, TX', TO_DATE('2019-07-15', 'YYYY-MM-DD'), 'Pediatrics', 2018, 'PED');
INSERT INTO EMPLOYEE VALUES ('E00000023', 'Grace', 'Evans', 'F', '789 Main St, Dallas, TX', TO_DATE('2019-10-10', 'YYYY-MM-DD'), 'Surgery', 2018, 'SRG');
INSERT INTO EMPLOYEE VALUES ('E00000024', 'Henry', 'Ford', 'M', '987 Maple St, San Antonio, TX', TO_DATE('2019-04-20', 'YYYY-MM-DD'), 'Cardiology', 2018, 'CRD');
INSERT INTO EMPLOYEE VALUES ('E00000025', 'Luna', 'Gomez', 'F', '231 Oak St, Houston, TX', TO_DATE('2019-01-15', 'YYYY-MM-DD'), 'Dermatology', 2018, 'DER');
INSERT INTO EMPLOYEE VALUES ('E00000026', 'Mateo', 'Harris', 'M', '543 Cedar St, Austin, TX', TO_DATE('2018-12-31', 'YYYY-MM-DD'), 'Obstetrics', 2018, 'OBS');
INSERT INTO EMPLOYEE VALUES ('E00000027', 'Nora', 'Irwin', 'F', '777 Pine St, Dallas, TX', TO_DATE('2018-08-25', 'YYYY-MM-DD'), 'Neurology', 2018, 'NEU');
INSERT INTO EMPLOYEE VALUES ('E00000028', 'Oscar', 'Johnson', 'M', '999 Maple St, San Antonio, TX', TO_DATE('2017-11-11', 'YYYY-MM-DD'), 'Orthopedics', 2017, 'ORT');
INSERT INTO EMPLOYEE VALUES ('E00000029', 'Penelope', 'Kane', 'F', '111 Elm St, Houston, TX', TO_DATE('2018-03-19', 'YYYY-MM-DD'), 'Oncology', 2017, 'ONC');
INSERT INTO EMPLOYEE VALUES ('E00000030', 'Le', 'Van C', 'M', '456 Oak St, Austin, TX', TO_DATE('2017-11-22', 'YYYY-MM-DD'), 'ENT', 2017, 'ENT');
--3.DOCTOR: 20 ROWS
INSERT INTO DOCTOR VALUES ('E00000001');
INSERT INTO DOCTOR VALUES ('E00000002');
INSERT INTO DOCTOR VALUES ('E00000003');
INSERT INTO DOCTOR VALUES ('E00000004');
INSERT INTO DOCTOR VALUES ('E00000005');
INSERT INTO DOCTOR VALUES ('E00000006');
INSERT INTO DOCTOR VALUES ('E00000007');
INSERT INTO DOCTOR VALUES ('E00000008');
INSERT INTO DOCTOR VALUES ('E00000009');
INSERT INTO DOCTOR VALUES ('E00000010');
INSERT INTO DOCTOR VALUES ('E00000011');
INSERT INTO DOCTOR VALUES ('E00000012');
INSERT INTO DOCTOR VALUES ('E00000013');
INSERT INTO DOCTOR VALUES ('E00000014');
INSERT INTO DOCTOR VALUES ('E00000015');
INSERT INTO DOCTOR VALUES ('E00000016');
INSERT INTO DOCTOR VALUES ('E00000017');
INSERT INTO DOCTOR VALUES ('E00000018');
INSERT INTO DOCTOR VALUES ('E00000019');
INSERT INTO DOCTOR VALUES ('E00000020');
--4.NURSE: 10 ROWS
INSERT INTO NURSE VALUES ('E00000021');
INSERT INTO NURSE VALUES ('E00000022');
INSERT INTO NURSE VALUES ('E00000023');
INSERT INTO NURSE VALUES ('E00000024');
INSERT INTO NURSE VALUES ('E00000025');
INSERT INTO NURSE VALUES ('E00000026');
INSERT INTO NURSE VALUES ('E00000027');
INSERT INTO NURSE VALUES ('E00000028');
INSERT INTO NURSE VALUES ('E00000029');
INSERT INTO NURSE VALUES ('E00000030');
--5.DEAN: 10 ROWS
INSERT INTO DEAN VALUES ('E00000011');
INSERT INTO DEAN VALUES ('E00000012');
INSERT INTO DEAN VALUES ('E00000013');
INSERT INTO DEAN VALUES ('E00000014');
INSERT INTO DEAN VALUES ('E00000015');
INSERT INTO DEAN VALUES ('E00000016');
INSERT INTO DEAN VALUES ('E00000017');
INSERT INTO DEAN VALUES ('E00000018');
INSERT INTO DEAN VALUES ('E00000019');
INSERT INTO DEAN VALUES ('E00000020');
--6.PHONE NUM: 30 ROWS
INSERT INTO PHONE_NUMBER VALUES (0374182116, 'E00000001');
INSERT INTO PHONE_NUMBER VALUES (0983761811, 'E00000002');
INSERT INTO PHONE_NUMBER VALUES (0654781234, 'E00000003');
INSERT INTO PHONE_NUMBER VALUES (0147852369, 'E00000004');
INSERT INTO PHONE_NUMBER VALUES (0321569874, 'E00000005');
INSERT INTO PHONE_NUMBER VALUES (0876543298, 'E00000006');
INSERT INTO PHONE_NUMBER VALUES (0567123498, 'E00000007');
INSERT INTO PHONE_NUMBER VALUES (0432987651, 'E00000008');
INSERT INTO PHONE_NUMBER VALUES (0658741236, 'E00000009');
INSERT INTO PHONE_NUMBER VALUES (0214365987, 'E00000010');
INSERT INTO PHONE_NUMBER VALUES (0765432189, 'E00000011');
INSERT INTO PHONE_NUMBER VALUES (0546213789, 'E00000012');
INSERT INTO PHONE_NUMBER VALUES (0654789231, 'E00000013');
INSERT INTO PHONE_NUMBER VALUES (0123456987, 'E00000014');
INSERT INTO PHONE_NUMBER VALUES (0458712369, 'E00000015');
INSERT INTO PHONE_NUMBER VALUES (0987634521, 'E00000016');
INSERT INTO PHONE_NUMBER VALUES (0231546879, 'E00000017');
INSERT INTO PHONE_NUMBER VALUES (0876123456, 'E00000018');
INSERT INTO PHONE_NUMBER VALUES (0567498213, 'E00000019');
INSERT INTO PHONE_NUMBER VALUES (0321456987, 'E00000020');
INSERT INTO PHONE_NUMBER VALUES (0765498132, 'E00000021');
INSERT INTO PHONE_NUMBER VALUES (0432987615, 'E00000022');
INSERT INTO PHONE_NUMBER VALUES (0654871329, 'E00000023');
INSERT INTO PHONE_NUMBER VALUES (0123456897, 'E00000024');
INSERT INTO PHONE_NUMBER VALUES (0654872193, 'E00000025');
INSERT INTO PHONE_NUMBER VALUES (0765428319, 'E00000026');
INSERT INTO PHONE_NUMBER VALUES (0654879231, 'E00000027');
INSERT INTO PHONE_NUMBER VALUES (0432198765, 'E00000028');
INSERT INTO PHONE_NUMBER VALUES (0765498123, 'E00000029');
INSERT INTO PHONE_NUMBER VALUES (0321459876, 'E00000030');
--7.INPATIENT: 20 ROWS
INSERT INTO INPATIENT VALUES ('7712443', 'IP1234567', 'John', 'Doe', 'M', '3321 Castle, Spring, TX', TO_DATE('1990-05-15', 'YYYY-MM-DD'), 0793030117, 'E00000029');
INSERT INTO INPATIENT VALUES ('6421856', 'IP6421856', 'Emily', 'Smith', 'F', '450 Stone, Houston, TX', TO_DATE('1988-09-20', 'YYYY-MM-DD'), 0808299673, 'E00000025');
INSERT INTO INPATIENT VALUES ('8639124', 'IP8639124', 'David', 'Johnson', 'M', '790 Forest, Dallas, TX', TO_DATE('1995-12-10', 'YYYY-MM-DD'), 0726459038, 'E00000027');
INSERT INTO INPATIENT VALUES ('2597834', 'IP2597834', 'Sarah', 'Williams', 'F', '881 Hill, Austin, TX', TO_DATE('1992-03-03', 'YYYY-MM-DD'), 0998746235, 'E00000028');
INSERT INTO INPATIENT VALUES ('3781647', 'IP3781647', 'Michael', 'Brown', 'M', '963 Lake, San Antonio, TX', TO_DATE('1991-07-25', 'YYYY-MM-DD'), 0765432178, 'E00000030');
INSERT INTO INPATIENT VALUES ('5149210', 'IP5149210', 'Olivia', 'Davis', 'F', '753 Valley, Fort Worth, TX', TO_DATE('1994-11-14', 'YYYY-MM-DD'), 0856789123, 'E00000024');
INSERT INTO INPATIENT VALUES ('9235761', 'IP9235761', 'James', 'Garcia', 'M', '111 River, El Paso, TX', TO_DATE('1989-02-28', 'YYYY-MM-DD'), 0987654321, 'E00000021');
INSERT INTO INPATIENT VALUES ('3851247', 'IP3334455', 'Sophia', 'Martinez', 'F', '225 Skyline, Corpus Chris, TX', TO_DATE('1993-06-19', 'YYYY-MM-DD'), 0843678541, 'E00000026');
INSERT INTO INPATIENT VALUES ('1638942', 'IP1638942', 'Daniel', 'Lopez', 'M', '365 Meadow, Lubbock, TX', TO_DATE('1996-08-30', 'YYYY-MM-DD'), 0912345678, 'E00000022');
INSERT INTO INPATIENT VALUES ('4719023', 'IP4719023', 'Chloe', 'Gonzalez', 'F', '428 Oakwood, Amarillo, TX', TO_DATE('1997-04-12', 'YYYY-MM-DD'), 0890765432, 'E00000023');

INSERT INTO INPATIENT VALUES ('7619324', 'IP7619324', 'William', 'Wilson', 'M', '3331 Castle, Spring, TX', TO_DATE('1990-10-05', 'YYYY-MM-DD'), 0765849312, 'E00000030');
INSERT INTO INPATIENT VALUES ('4621839', 'IP4621839', 'Ava', 'Anderson', 'F', '3332 Castle, Spring, TX', TO_DATE('1991-12-20', 'YYYY-MM-DD'), 0723456789, 'E00000029');
INSERT INTO INPATIENT VALUES ('8956241', 'IP8956241', 'Ethan', 'Thomas', 'M', '3333 Castle, Spring, TX', TO_DATE('1992-09-08', 'YYYY-MM-DD'), 0832451234, 'E00000028');
INSERT INTO INPATIENT VALUES ('2469715', 'IP2469715', 'Mia', 'Hernandez', 'F', '3334 Castle, Spring, TX', TO_DATE('1993-04-17', 'YYYY-MM-DD'), 0793412876, 'E00000027');
INSERT INTO INPATIENT VALUES ('1396478', 'IP1396478', 'Noah', 'Nelson', 'M', '3335 Castle, Spring, TX', TO_DATE('1994-03-02', 'YYYY-MM-DD'), 0801982765, 'E00000026');
INSERT INTO INPATIENT VALUES ('5473289', 'IP5473289', 'Emma', 'Walker', 'F', '3336 Castle, Spring, TX', TO_DATE('1995-11-28', 'YYYY-MM-DD'), 0897865643, 'E00000025');
INSERT INTO INPATIENT VALUES ('9387562', 'IP9387562', 'Liam', 'Hill', 'M', '3337 Castle, Spring, TX', TO_DATE('1996-06-14', 'YYYY-MM-DD'), 0876352918, 'E00000024');
INSERT INTO INPATIENT VALUES ('7283416', 'IP7283416', 'Isabella', 'Scott', 'F', '3338 Castle, Spring, TX', TO_DATE('1997-08-07', 'YYYY-MM-DD'), 0901876523, 'E00000023');
INSERT INTO INPATIENT VALUES ('4817392', 'IP4817392', 'Ella', 'Green', 'F', '3339 Castle, Spring, TX', TO_DATE('1998-02-19', 'YYYY-MM-DD'), 0776543201, 'E00000022');
INSERT INTO INPATIENT VALUES ('3276154', 'IP3276154', 'Mason', 'Adams', 'M', '3340 Castle, Spring, TX', TO_DATE('1999-01-03', 'YYYY-MM-DD'), 0821369475, 'E00000021');
--8.OUTPATIENT: 20 ROWS
INSERT INTO OUTPATIENT VALUES ('7712443', 'OP7712443', 'John', 'Doe', 'M', '3321 Castle, Spring, TX', TO_DATE('1990-05-15', 'YYYY-MM-DD'), 0793030117);
INSERT INTO OUTPATIENT VALUES ('8246761', 'OP8246761', 'Matthew', 'Johnson', 'M', '456 Elm St, Othertown, TX', TO_DATE('1989-09-20', 'YYYY-MM-DD'), 0808123456);
INSERT INTO OUTPATIENT VALUES ('1643985', 'OP1643985', 'Sophie', 'Garcia', 'F', '789 Oak St, Anothertown, TX', TO_DATE('1996-12-10', 'YYYY-MM-DD'), 0726458910);
INSERT INTO OUTPATIENT VALUES ('7523164', 'OP7523164', 'Oliver', 'Smith', 'M', '321 Pine St, Somewhere, TX', TO_DATE('1992-03-03', 'YYYY-MM-DD'), 0998123456);
INSERT INTO OUTPATIENT VALUES ('2948165', 'OP2948165', 'Abigail', 'Wilson', 'F', '555 Cedar St, Nowhere, TX', TO_DATE('1990-07-25', 'YYYY-MM-DD'), 0765789012);
INSERT INTO OUTPATIENT VALUES ('9483127', 'OP9483127', 'Alexander', 'Jones', 'M', '777 Birch St, Elsewhere, TX', TO_DATE('1994-11-14', 'YYYY-MM-DD'), 0856789102);
INSERT INTO OUTPATIENT VALUES ('6314789', 'OP6314789', 'Charlotte', 'Martinez', 'F', '999 Elm St, Hometown, TX', TO_DATE('1987-02-28', 'YYYY-MM-DD'), 0987654322);
INSERT INTO OUTPATIENT VALUES ('3851247', 'OP3851247', 'Sophia', 'Martinez', 'F', '225 Skyline, Corpus Chris, TX', TO_DATE('1993-06-19', 'YYYY-MM-DD'), 0843678541);
INSERT INTO OUTPATIENT VALUES ('7491832', 'OP7491832', 'Scarlett', 'Brown', 'F', '222 Maple St, City, TX', TO_DATE('1996-08-30', 'YYYY-MM-DD'), 0912123456);
INSERT INTO OUTPATIENT VALUES ('8439516', 'OP8439516', 'Henry', 'Adams', 'M', '333 Pine St, Smalltown, TX', TO_DATE('1997-04-12', 'YYYY-MM-DD'), 0890765432);

INSERT INTO OUTPATIENT VALUES ('5183497', 'OP5183497', 'Amelia', 'Taylor', 'F', '444 Cedar St, Anywhere, TX', TO_DATE('1990-10-05', 'YYYY-MM-DD'), 0765849312);
INSERT INTO OUTPATIENT VALUES ('2165483', 'OP2165483', 'Jacob', 'Lopez', 'M', '555 Elm St, Anycity, TX', TO_DATE('1991-12-20', 'YYYY-MM-DD'), 0723123456);
INSERT INTO OUTPATIENT VALUES ('5134289', 'OP5134289', 'Lily', 'Hernandez', 'F', '666 Oak St, Anyville, TX', TO_DATE('1992-09-08', 'YYYY-MM-DD'), 0832451234);
INSERT INTO OUTPATIENT VALUES ('8497213', 'OP8497213', 'Logan', 'Scott', 'M', '777 Pine St, Noway, TX', TO_DATE('1993-04-17', 'YYYY-MM-DD'), 0793212876);
INSERT INTO OUTPATIENT VALUES ('7651234', 'OP7651234', 'Ava', 'Nelson', 'F', '888 Cedar St, Noplace, TX', TO_DATE('1994-03-02', 'YYYY-MM-DD'), 0801982765);
INSERT INTO OUTPATIENT VALUES ('1937425', 'OP1937425', 'Elijah', 'Walker', 'M', '999 Elm St, Anyplace, TX', TO_DATE('1995-11-28', 'YYYY-MM-DD'), 0897865643);
INSERT INTO OUTPATIENT VALUES ('7659182', 'OP7659182', 'Avery', 'Hill', 'F', '111 Oak St, Anycounty, TX', TO_DATE('1996-06-14', 'YYYY-MM-DD'), 0876352918);
INSERT INTO OUTPATIENT VALUES ('4296138', 'OP4296138', 'Madison', 'Anderson', 'F', '222 Elm St, Anystate, TX', TO_DATE('1997-08-07', 'YYYY-MM-DD'), 0901876523);
INSERT INTO OUTPATIENT VALUES ('6192358', 'OP6192358', 'Carter', 'Green', 'M', '333 Pine St, Anynation, TX', TO_DATE('1998-02-19', 'YYYY-MM-DD'), 0776543201);
INSERT INTO OUTPATIENT VALUES ('3276154', 'OP1122333', 'Mason', 'Adams', 'M', '3340 Castle, Spring, TX', TO_DATE('1999-01-03', 'YYYY-MM-DD'), 0821369475);
--9.INPATIENT RECORDS: 25 ROWS
INSERT INTO INPATIENT_RECORD VALUES ('IR00000001', TO_DATE('2023-01-05', 'YYYY-MM-DD'), 'Pneumonia', NULL, 101, 1200, '1396478');
INSERT INTO INPATIENT_RECORD VALUES ('IR00000002', TO_DATE('2023-02-10', 'YYYY-MM-DD'), 'Appendicitis', NULL, 102, 1500, '1638942');
INSERT INTO INPATIENT_RECORD VALUES ('IR00000003', TO_DATE('2023-03-15', 'YYYY-MM-DD'), 'Fractured Leg', NULL, 103, 1400, '2469715');
INSERT INTO INPATIENT_RECORD VALUES ('IR00000004', TO_DATE('2023-04-20', 'YYYY-MM-DD'), 'Migraine', NULL, 104, 900, '2597834');
INSERT INTO INPATIENT_RECORD VALUES ('IR00000005', TO_DATE('2023-05-25', 'YYYY-MM-DD'), 'Bronchitis', NULL, 105, 1800, '3276154');
INSERT INTO INPATIENT_RECORD VALUES ('IR00000006', TO_DATE('2023-06-30', 'YYYY-MM-DD'), 'Gastritis', NULL, 106, 1250, '3781647');
INSERT INTO INPATIENT_RECORD VALUES ('IR00000007', TO_DATE('2023-07-05', 'YYYY-MM-DD'), 'Kidney Stones', NULL, 107, 1600, '6421856');
INSERT INTO INPATIENT_RECORD VALUES ('IR00000008', TO_DATE('2023-08-10', 'YYYY-MM-DD'), 'Concussion', NULL, 108, 1100, '4621839');
INSERT INTO INPATIENT_RECORD VALUES ('IR00000009', TO_DATE('2023-09-15', 'YYYY-MM-DD'), 'Anemia', NULL, 109, 850, '4719023');
INSERT INTO INPATIENT_RECORD VALUES ('IR00000010', TO_DATE('2023-10-20', 'YYYY-MM-DD'), 'Food Poisoning', NULL, 110, 1350, '4817392');
INSERT INTO INPATIENT_RECORD VALUES ('IR00000011', TO_DATE('2023-11-25', 'YYYY-MM-DD'), 'Broken Arm', NULL, 111, 1700, '5149210');
INSERT INTO INPATIENT_RECORD VALUES ('IR00000012', TO_DATE('2023-12-31', 'YYYY-MM-DD'), 'Asthma', NULL, 112, 2100, '5473289');
INSERT INTO INPATIENT_RECORD VALUES ('IR00000018', TO_DATE('2023-07-05', 'YYYY-MM-DD'), 'Bronchitis', NULL, 118, 1250, '8956241');
INSERT INTO INPATIENT_RECORD VALUES ('IR00000019', TO_DATE('2023-08-10', 'YYYY-MM-DD'), 'Gastritis', NULL, 119, 2050, '9235761');
INSERT INTO INPATIENT_RECORD VALUES ('IR00000020', TO_DATE('2023-09-15', 'YYYY-MM-DD'), 'Kidney Stones', NULL, 120, 1600, '9387562');
INSERT INTO INPATIENT_RECORD VALUES ('IR00000021', TO_DATE('2023-10-20', 'YYYY-MM-DD'), 'Concussion', NULL, 121, 1550, '1396478');
INSERT INTO INPATIENT_RECORD VALUES ('IR00000022', TO_DATE('2023-11-25', 'YYYY-MM-DD'), 'Anemia', NULL, 122, 1650, '1638942');
INSERT INTO INPATIENT_RECORD VALUES ('IR00000023', TO_DATE('2023-12-31', 'YYYY-MM-DD'), 'Food Poisoning', NULL, 123, 1000, '2469715');
INSERT INTO INPATIENT_RECORD VALUES ('IR00000024', TO_DATE('2023-01-05', 'YYYY-MM-DD'), 'Broken Arm', NULL, 124, 1200, '2597834');
INSERT INTO INPATIENT_RECORD VALUES ('IR00000025', TO_DATE('2023-02-10', 'YYYY-MM-DD'), 'Diabetes', NULL, 125, 1750, '3276154');

INSERT INTO INPATIENT_RECORD VALUES ('IR00000013', TO_DATE('2023-02-10', 'YYYY-MM-DD'), 'Heart Attack', TO_DATE('2023-02-15', 'YYYY-MM-DD'), 113, 1550, '3851247');
INSERT INTO INPATIENT_RECORD VALUES ('IR00000014', TO_DATE('2023-03-15', 'YYYY-MM-DD'), 'Pneumonia', TO_DATE('2023-03-20', 'YYYY-MM-DD'), 114, 2200, '7283416');
INSERT INTO INPATIENT_RECORD VALUES ('IR00000015', TO_DATE('2023-04-20', 'YYYY-MM-DD'), 'Appendicitis', TO_DATE('2023-04-25', 'YYYY-MM-DD'), 115, 1850, '7619324');
INSERT INTO INPATIENT_RECORD VALUES ('IR00000016', TO_DATE('2023-05-25', 'YYYY-MM-DD'), 'Fractured Leg', TO_DATE('2023-05-30', 'YYYY-MM-DD'), 116, 1570, '7712443');
INSERT INTO INPATIENT_RECORD VALUES ('IR00000017', TO_DATE('2023-06-30', 'YYYY-MM-DD'), 'Migraine', TO_DATE('2023-07-05', 'YYYY-MM-DD'), 117, 1800, '8639124');
--OUTPATIENT_RECORD: 25 ROWS
INSERT INTO OUTPATIENT_RECORD VALUES ('OR00000001', 1200, '1643985');
INSERT INTO OUTPATIENT_RECORD VALUES ('OR00000002', 1050, '1937425');
INSERT INTO OUTPATIENT_RECORD VALUES ('OR00000003', 1350, '2165483');
INSERT INTO OUTPATIENT_RECORD VALUES ('OR00000004', 950, '2948165');
INSERT INTO OUTPATIENT_RECORD VALUES ('OR00000005', 800, '3276154');
INSERT INTO OUTPATIENT_RECORD VALUES ('OR00000006', 1100, '3851247');
INSERT INTO OUTPATIENT_RECORD VALUES ('OR00000007', 1250, '4296138');
INSERT INTO OUTPATIENT_RECORD VALUES ('OR00000008', 1420, '5134289');
INSERT INTO OUTPATIENT_RECORD VALUES ('OR00000009', 980, '5183497');
INSERT INTO OUTPATIENT_RECORD VALUES ('OR00000010', 1160, '6192358');
INSERT INTO OUTPATIENT_RECORD VALUES ('OR00000011', 930, '6314789');
INSERT INTO OUTPATIENT_RECORD VALUES ('OR00000012', 1020, '7491832');
INSERT INTO OUTPATIENT_RECORD VALUES ('OR00000013', 890, '7523164');
INSERT INTO OUTPATIENT_RECORD VALUES ('OR00000014', 1200, '7651234');
INSERT INTO OUTPATIENT_RECORD VALUES ('OR00000015', 1050, '7659182');
INSERT INTO OUTPATIENT_RECORD VALUES ('OR00000016', 1350, '7712443');
INSERT INTO OUTPATIENT_RECORD VALUES ('OR00000017', 950, '8246761');
INSERT INTO OUTPATIENT_RECORD VALUES ('OR00000018', 800, '8439516');
INSERT INTO OUTPATIENT_RECORD VALUES ('OR00000019', 1100, '8497213');
INSERT INTO OUTPATIENT_RECORD VALUES ('OR00000020', 1250, '9483127');
INSERT INTO OUTPATIENT_RECORD VALUES ('OR00000021', 980, '1643985');
INSERT INTO OUTPATIENT_RECORD VALUES ('OR00000022', 1160, '1937425');
INSERT INTO OUTPATIENT_RECORD VALUES ('OR00000023', 930, '2165483');
INSERT INTO OUTPATIENT_RECORD VALUES ('OR00000024', 1020, '2948165');
INSERT INTO OUTPATIENT_RECORD VALUES ('OR00000025', 890, '3276154');
--10.MEDICATION: 15 ROWS 
INSERT INTO MEDICATION VALUES ('PAR001', 'Paracetamol', 5.50, 250);
INSERT INTO MEDICATION VALUES ('IBU002', 'Ibuprofen', 7.25, 180);
INSERT INTO MEDICATION VALUES ('ASP003', 'Aspirin', 4.75, 300);
INSERT INTO MEDICATION VALUES ('AMX004', 'Amoxicillin', 10.00, 200);
INSERT INTO MEDICATION VALUES ('OMP005', 'Omeprazole', 15.75, 150);
INSERT INTO MEDICATION VALUES ('ATV006', 'Atorvastatin', 20.00, 120);
INSERT INTO MEDICATION VALUES ('MET007', 'Metformin', 8.50, 220);
INSERT INTO MEDICATION VALUES ('LIS008', 'Lisinopril', 9.25, 270);
INSERT INTO MEDICATION VALUES ('SIM009', 'Simvastatin', 18.75, 100);
INSERT INTO MEDICATION VALUES ('AML010', 'Amlodipine', 11.50, 280);
INSERT INTO MEDICATION VALUES ('AZI011', 'Azithromycin', 14.25, 160);
INSERT INTO MEDICATION VALUES ('CIP012', 'Ciprofloxacin', 12.75, 240);
INSERT INTO MEDICATION VALUES ('PRD013', 'Prednisone', 6.00, 330);
INSERT INTO MEDICATION VALUES ('RNT014', 'Ranitidine', 9.00, 190);
INSERT INTO MEDICATION VALUES ('MET015', 'Metronidazole', 17.50, 180);
--11.MEDICINE: 30 ROWS
INSERT INTO MEDICINE VALUES ('AML0100001', TO_DATE('2024-05-15', 'YYYY-MM-DD'), 'F', 100, 'AML010');
INSERT INTO MEDICINE VALUES ('AML0100002', TO_DATE('2025-01-20', 'YYYY-MM-DD'), 'F', 80, 'AML010');
INSERT INTO MEDICINE VALUES ('AMX0040001', TO_DATE('2025-06-18', 'YYYY-MM-DD'), 'F', 90, 'AMX004');
INSERT INTO MEDICINE VALUES ('AMX0040002', TO_DATE('2024-10-30', 'YYYY-MM-DD'), 'F', 100, 'AMX004');
INSERT INTO MEDICINE VALUES ('ASP0030001', TO_DATE('2024-09-12', 'YYYY-MM-DD'), 'F', 90, 'ASP003');
INSERT INTO MEDICINE VALUES ('ASP0030002', TO_DATE('2023-10-25', 'YYYY-MM-DD'), 'T', 60, 'ASP003');
INSERT INTO MEDICINE VALUES ('ATV0060001', TO_DATE('2024-12-25', 'YYYY-MM-DD'), 'F', 75, 'ATV006');
INSERT INTO MEDICINE VALUES ('ATV0060002', TO_DATE('2025-03-30', 'YYYY-MM-DD'), 'F', 85, 'ATV006');
INSERT INTO MEDICINE VALUES ('AZI0110001', TO_DATE('2025-07-10', 'YYYY-MM-DD'), 'F', 95, 'AZI011');
INSERT INTO MEDICINE VALUES ('AZI0110002', TO_DATE('2024-08-15', 'YYYY-MM-DD'), 'F', 70, 'AZI011');
INSERT INTO MEDICINE VALUES ('CIP0120001', TO_DATE('2024-11-20', 'YYYY-MM-DD'), 'F', 80, 'CIP012');
INSERT INTO MEDICINE VALUES ('CIP0120002', TO_DATE('2025-02-05', 'YYYY-MM-DD'), 'F', 85, 'CIP012');
INSERT INTO MEDICINE VALUES ('IBU0020001', TO_DATE('2024-06-30', 'YYYY-MM-DD'), 'F', 100, 'IBU002');
INSERT INTO MEDICINE VALUES ('IBU0020002', TO_DATE('2025-04-22', 'YYYY-MM-DD'), 'F', 90, 'IBU002');
INSERT INTO MEDICINE VALUES ('LIS0080001', TO_DATE('2024-03-12', 'YYYY-MM-DD'), 'F', 85, 'LIS008');
INSERT INTO MEDICINE VALUES ('LIS0080002', TO_DATE('2025-09-05', 'YYYY-MM-DD'), 'F', 95, 'LIS008');
INSERT INTO MEDICINE VALUES ('MET0070001', TO_DATE('2025-11-20', 'YYYY-MM-DD'), 'F', 75, 'MET007');
INSERT INTO MEDICINE VALUES ('MET0070002', TO_DATE('2024-08-25', 'YYYY-MM-DD'), 'F', 80, 'MET007');
INSERT INTO MEDICINE VALUES ('MET0150001', TO_DATE('2026-12-10', 'YYYY-MM-DD'), 'F', 65, 'MET015');
INSERT INTO MEDICINE VALUES ('MET0150002', TO_DATE('2024-07-15', 'YYYY-MM-DD'), 'F', 70, 'MET015');
INSERT INTO MEDICINE VALUES ('OMP0050001', TO_DATE('2024-02-28', 'YYYY-MM-DD'), 'F', 90, 'OMP005');
INSERT INTO MEDICINE VALUES ('OMP0050002', TO_DATE('2025-05-10', 'YYYY-MM-DD'), 'F', 85, 'OMP005');
INSERT INTO MEDICINE VALUES ('PAR0010001', TO_DATE('2024-10-02', 'YYYY-MM-DD'), 'F', 100, 'PAR001');
INSERT INTO MEDICINE VALUES ('PAR0010002', TO_DATE('2025-08-20', 'YYYY-MM-DD'), 'F', 95, 'PAR001');
INSERT INTO MEDICINE VALUES ('PRD0130001', TO_DATE('2024-04-15', 'YYYY-MM-DD'), 'F', 75, 'PRD013');
INSERT INTO MEDICINE VALUES ('PRD0130002', TO_DATE('2025-06-05', 'YYYY-MM-DD'), 'F', 80, 'PRD013');
INSERT INTO MEDICINE VALUES ('RNT0140001', TO_DATE('2023-09-20', 'YYYY-MM-DD'), 'T', 60, 'RNT014');
INSERT INTO MEDICINE VALUES ('RNT0140002', TO_DATE('2023-11-05', 'YYYY-MM-DD'), 'T', 65, 'RNT014');
INSERT INTO MEDICINE VALUES ('SIM0090001', TO_DATE('2025-07-01', 'YYYY-MM-DD'), 'F', 85, 'SIM009');
INSERT INTO MEDICINE VALUES ('SIM0090002', TO_DATE('2024-11-30', 'YYYY-MM-DD'), 'F', 90, 'SIM009');

--12.PROVIDER: 8 ROWS
INSERT INTO PROVIDER VALUES (10001, 'ABC Hospital', '1234 Elm Street, Houston, TX', 0124567890);
INSERT INTO PROVIDER VALUES (10002, 'XYZ Clinic', '5678 Oak Avenue, Houston, TX', 0981234567);
INSERT INTO PROVIDER VALUES (10003, 'EFG Medical Ct', '9101 Maple Drive, Houston, TX', 0129876543);
INSERT INTO PROVIDER VALUES (10004, 'PQR Health Ct', '2345 Birch Lane, Houston, TX', 0248097531);
INSERT INTO PROVIDER VALUES (10005, 'LMN Healthcare', '6789 Pine Road, Houston, TX', 0369518274);
INSERT INTO PROVIDER VALUES (10006, 'QRS Clinic', '3456 Cedar Street, Houston, TX', 0958632741);
INSERT INTO PROVIDER VALUES (10007, 'IJK Hospital', '7890 Elm Avenue, Houston, TX', 0157236849);
INSERT INTO PROVIDER VALUES (10008, 'STU Medical Ct', '1234 Oak Lane, Houston, TX', 0754362189);
--13.MED-EFFECT: 15 ROWS
INSERT INTO MED_EFFECT VALUES ('AML010', 'AML Treatment');
INSERT INTO MED_EFFECT VALUES ('AMX004', 'Bacterial Infection Treatment');
INSERT INTO MED_EFFECT VALUES ('ASP003', 'Blood Thinning');
INSERT INTO MED_EFFECT VALUES ('ATV006', 'Cholesterol Regulation');
INSERT INTO MED_EFFECT VALUES ('AZI011', 'Antibiotic Treatment');
INSERT INTO MED_EFFECT VALUES ('CIP012', 'Infection Control');
INSERT INTO MED_EFFECT VALUES ('IBU002', 'Pain Management');
INSERT INTO MED_EFFECT VALUES ('LIS008', 'Blood Pressure Regulation');
INSERT INTO MED_EFFECT VALUES ('MET007', 'Diabetes Control');
INSERT INTO MED_EFFECT VALUES ('MET015', 'Metabolic Disorder Therapy');
INSERT INTO MED_EFFECT VALUES ('OMP005', 'Acid Reflux Control');
INSERT INTO MED_EFFECT VALUES ('PAR001', 'Headache Relief');
INSERT INTO MED_EFFECT VALUES ('PRD013', 'Pain Control');
INSERT INTO MED_EFFECT VALUES ('RNT014', 'Respiratory Therapy');
INSERT INTO MED_EFFECT VALUES ('SIM009', 'Sinus Infection Treatment');
--14.TREATMENT: 30 ROWS 
INSERT INTO TREATMENT VALUES ('T000000001', 'Fever Reduced', TO_DATE('2023-02-01', 'YYYY-MM-DD'), TO_DATE('2023-02-05', 'YYYY-MM-DD'), 'IR00000001');
INSERT INTO TREATMENT VALUES ('T000000002', 'Pain Alleviated', TO_DATE('2023-03-03', 'YYYY-MM-DD'), TO_DATE('2023-03-08', 'YYYY-MM-DD'), 'IR00000002');
INSERT INTO TREATMENT VALUES ('T000000003', 'Infection Controlled', TO_DATE('2023-04-05', 'YYYY-MM-DD'), TO_DATE('2023-04-10', 'YYYY-MM-DD'), 'IR00000003');
INSERT INTO TREATMENT VALUES ('T000000004', 'Recovery in Progress', TO_DATE('2023-05-12', 'YYYY-MM-DD'), TO_DATE('2023-05-17', 'YYYY-MM-DD'), 'IR00000004');
INSERT INTO TREATMENT VALUES ('T000000005', 'Wound Healing', TO_DATE('2023-06-15', 'YYYY-MM-DD'), TO_DATE('2023-06-20', 'YYYY-MM-DD'), 'IR00000005');
INSERT INTO TREATMENT VALUES ('T000000006', 'Post-Op Checkup', TO_DATE('2023-07-18', 'YYYY-MM-DD'), TO_DATE('2023-07-23', 'YYYY-MM-DD'), 'IR00000006');
INSERT INTO TREATMENT VALUES ('T000000007', 'Medication Adjustment', TO_DATE('2023-08-21', 'YYYY-MM-DD'), TO_DATE('2023-08-26', 'YYYY-MM-DD'), 'IR00000007');
INSERT INTO TREATMENT VALUES ('T000000008', 'Physical Therapy', TO_DATE('2023-09-24', 'YYYY-MM-DD'), TO_DATE('2023-09-29', 'YYYY-MM-DD'), 'IR00000008');
INSERT INTO TREATMENT VALUES ('T000000009', 'Blood Tests', TO_DATE('2023-10-27', 'YYYY-MM-DD'), TO_DATE('2023-11-01', 'YYYY-MM-DD'), 'IR00000009');
INSERT INTO TREATMENT VALUES ('T000000010', 'Diagnostic Imaging', TO_DATE('2023-11-29', 'YYYY-MM-DD'), TO_DATE('2023-12-03', 'YYYY-MM-DD'), 'IR00000010');
INSERT INTO TREATMENT VALUES ('T000000011', 'Pain Management', TO_DATE('2023-02-03', 'YYYY-MM-DD'), TO_DATE('2023-02-07', 'YYYY-MM-DD'), 'IR00000011');
INSERT INTO TREATMENT VALUES ('T000000012', 'Physiotherapy', TO_DATE('2023-03-06', 'YYYY-MM-DD'), TO_DATE('2023-03-11', 'YYYY-MM-DD'), 'IR00000012');
INSERT INTO TREATMENT VALUES ('T000000013', 'Routine Check-up', TO_DATE('2023-04-09', 'YYYY-MM-DD'), TO_DATE('2023-04-14', 'YYYY-MM-DD'), 'IR00000013');
INSERT INTO TREATMENT VALUES ('T000000014', 'Post-Surgery Consultation', TO_DATE('2023-05-14', 'YYYY-MM-DD'), TO_DATE('2023-05-19', 'YYYY-MM-DD'), 'IR00000014');
INSERT INTO TREATMENT VALUES ('T000000015', 'Follow-up Examination', TO_DATE('2023-06-17', 'YYYY-MM-DD'), TO_DATE('2023-06-22', 'YYYY-MM-DD'), 'IR00000015');
INSERT INTO TREATMENT VALUES ('T000000016', 'Rehabilitation Session', TO_DATE('2023-07-20', 'YYYY-MM-DD'), TO_DATE('2023-07-25', 'YYYY-MM-DD'), 'IR00000016');
INSERT INTO TREATMENT VALUES ('T000000017', 'Treatment Review', TO_DATE('2023-08-23', 'YYYY-MM-DD'), TO_DATE('2023-08-28', 'YYYY-MM-DD'), 'IR00000017');
INSERT INTO TREATMENT VALUES ('T000000018', 'Medication Assessment', TO_DATE('2023-09-26', 'YYYY-MM-DD'), TO_DATE('2023-10-01', 'YYYY-MM-DD'), 'IR00000018');
INSERT INTO TREATMENT VALUES ('T000000019', 'Physical Exam', TO_DATE('2023-10-29', 'YYYY-MM-DD'), TO_DATE('2023-11-03', 'YYYY-MM-DD'), 'IR00000019');
INSERT INTO TREATMENT VALUES ('T000000020', 'Check-up Appointment', TO_DATE('2023-11-30', 'YYYY-MM-DD'), TO_DATE('2023-12-05', 'YYYY-MM-DD'), 'IR00000020');
INSERT INTO TREATMENT VALUES ('T000000021', 'Fever Monitoring', TO_DATE('2023-02-05', 'YYYY-MM-DD'), TO_DATE('2023-02-10', 'YYYY-MM-DD'), 'IR00000021');
INSERT INTO TREATMENT VALUES ('T000000022', 'Pain Management Session', TO_DATE('2023-03-08', 'YYYY-MM-DD'), TO_DATE('2023-03-13', 'YYYY-MM-DD'), 'IR00000022');
INSERT INTO TREATMENT VALUES ('T000000023', 'Recovery Assessment', TO_DATE('2023-04-11', 'YYYY-MM-DD'), TO_DATE('2023-04-16', 'YYYY-MM-DD'), 'IR00000023');
INSERT INTO TREATMENT VALUES ('T000000024', 'Wound Dressing', TO_DATE('2023-05-16', 'YYYY-MM-DD'), TO_DATE('2023-05-21', 'YYYY-MM-DD'), 'IR00000024');
INSERT INTO TREATMENT VALUES ('T000000025', 'Post-Op Consultation', TO_DATE('2023-06-19', 'YYYY-MM-DD'), TO_DATE('2023-06-24', 'YYYY-MM-DD'), 'IR00000025');
INSERT INTO TREATMENT VALUES ('T000000026', 'Diagnostic Tests', TO_DATE('2023-07-22', 'YYYY-MM-DD'), TO_DATE('2023-07-27', 'YYYY-MM-DD'), 'IR00000001');
INSERT INTO TREATMENT VALUES ('T000000027', 'Physical Rehabilitation', TO_DATE('2023-08-25', 'YYYY-MM-DD'), TO_DATE('2023-08-30', 'YYYY-MM-DD'), 'IR00000002');
INSERT INTO TREATMENT VALUES ('T000000028', 'Treatment Follow-up', TO_DATE('2023-09-28', 'YYYY-MM-DD'), TO_DATE('2023-10-03', 'YYYY-MM-DD'), 'IR00000003');
INSERT INTO TREATMENT VALUES ('T000000029', 'Medication Review', TO_DATE('2023-10-31', 'YYYY-MM-DD'), TO_DATE('2023-11-05', 'YYYY-MM-DD'), 'IR00000004');
INSERT INTO TREATMENT VALUES ('T000000030', 'Check-up Evaluation', TO_DATE('2023-04-30', 'YYYY-MM-DD'), TO_DATE('2023-07-05', 'YYYY-MM-DD'), 'IR00000005');
--15.EXAMINATION: 25 ROWS
INSERT INTO EXAMINATION VALUES ('E000000001', TO_DATE('2023-01-15', 'YYYY-MM-DD'), 'Blood Test', 'Normal', TO_DATE('2023-01-25', 'YYYY-MM-DD'), 150.00, 'OR00000001');
INSERT INTO EXAMINATION VALUES ('E000000002', TO_DATE('2023-02-20', 'YYYY-MM-DD'), 'X-Ray', 'Abnormal Findings', TO_DATE('2023-02-28', 'YYYY-MM-DD'), 180.00, 'OR00000002');
INSERT INTO EXAMINATION VALUES ('E000000003', TO_DATE('2023-03-10', 'YYYY-MM-DD'), 'MRI Scan', 'Positive', TO_DATE('2023-03-15', 'YYYY-MM-DD'), 250.00, 'OR00000003');
INSERT INTO EXAMINATION VALUES ('E000000004', TO_DATE('2023-04-05', 'YYYY-MM-DD'), 'Ultrasound', 'Normal', TO_DATE('2023-04-15', 'YYYY-MM-DD'), 200.00, 'OR00000004');
INSERT INTO EXAMINATION VALUES ('E000000005', TO_DATE('2023-05-18', 'YYYY-MM-DD'), 'EKG', 'Inconclusive', TO_DATE('2023-05-25', 'YYYY-MM-DD'), 120.00, 'OR00000005');
INSERT INTO EXAMINATION VALUES ('E000000006', TO_DATE('2023-06-22', 'YYYY-MM-DD'), 'CT Scan', 'Positive', TO_DATE('2023-06-30', 'YYYY-MM-DD'), 300.00, 'OR00000006');
INSERT INTO EXAMINATION VALUES ('E000000007', TO_DATE('2023-07-12', 'YYYY-MM-DD'), 'Physical Exam', 'Normal', TO_DATE('2023-07-20', 'YYYY-MM-DD'), 80.00, 'OR00000007');
INSERT INTO EXAMINATION VALUES ('E000000008', TO_DATE('2023-08-30', 'YYYY-MM-DD'), 'Colonoscopy', 'Negative', TO_DATE('2023-09-10', 'YYYY-MM-DD'), 350.00, 'OR00000008');
INSERT INTO EXAMINATION VALUES ('E000000009', TO_DATE('2023-09-25', 'YYYY-MM-DD'), 'Endoscopy', 'Positive', TO_DATE('2023-10-05', 'YYYY-MM-DD'), 320.00, 'OR00000009');
INSERT INTO EXAMINATION VALUES ('E000000010', TO_DATE('2023-10-08', 'YYYY-MM-DD'), 'Biopsy', 'Negative', TO_DATE('2023-10-15', 'YYYY-MM-DD'), 280.00, 'OR00000010');
INSERT INTO EXAMINATION VALUES ('E000000011', TO_DATE('2023-01-15', 'YYYY-MM-DD'), 'Blood Test', 'Normal', NULL, 150.00, 'OR00000011');
INSERT INTO EXAMINATION VALUES ('E000000012', TO_DATE('2023-02-20', 'YYYY-MM-DD'), 'X-Ray', 'Negative', NULL, 180.00, 'OR00000012');
INSERT INTO EXAMINATION VALUES ('E000000013', TO_DATE('2023-03-10', 'YYYY-MM-DD'), 'MRI Scan', 'Positive', NULL, 250.00, 'OR00000013');
INSERT INTO EXAMINATION VALUES ('E000000014', TO_DATE('2023-04-05', 'YYYY-MM-DD'), 'Ultrasound', 'Normal', NULL, 200.00, 'OR00000014');
INSERT INTO EXAMINATION VALUES ('E000000015', TO_DATE('2023-05-18', 'YYYY-MM-DD'), 'EKG', 'Negative', NULL, 120.00, 'OR00000015');
INSERT INTO EXAMINATION VALUES ('E000000016', TO_DATE('2023-06-22', 'YYYY-MM-DD'), 'CT Scan', 'Positive', NULL, 300.00, 'OR00000016');
INSERT INTO EXAMINATION VALUES ('E000000017', TO_DATE('2023-07-12', 'YYYY-MM-DD'), 'Physical Exam', 'Normal', NULL, 80.00, 'OR00000017');
INSERT INTO EXAMINATION VALUES ('E000000018', TO_DATE('2023-08-30', 'YYYY-MM-DD'), 'Colonoscopy', 'Negative', NULL, 350.00, 'OR00000018');
INSERT INTO EXAMINATION VALUES ('E000000019', TO_DATE('2023-09-25', 'YYYY-MM-DD'), 'Endoscopy', 'Positive', NULL, 320.00, 'OR00000019');
INSERT INTO EXAMINATION VALUES ('E000000020', TO_DATE('2023-10-08', 'YYYY-MM-DD'), 'Biopsy', 'Negative', NULL, 280.00, 'OR00000020');
INSERT INTO EXAMINATION VALUES ('E000000021', TO_DATE('2023-01-05', 'YYYY-MM-DD'), 'Blood Test', 'Normal', TO_DATE('2023-01-10', 'YYYY-MM-DD'), 150.00, 'OR00000021');
INSERT INTO EXAMINATION VALUES ('E000000022', TO_DATE('2023-02-12', 'YYYY-MM-DD'), 'X-Ray', 'Negative', TO_DATE('2023-02-20', 'YYYY-MM-DD'), 180.00, 'OR00000022');
INSERT INTO EXAMINATION VALUES ('E000000023', TO_DATE('2023-03-20', 'YYYY-MM-DD'), 'MRI Scan', 'Positive', TO_DATE('2023-03-25', 'YYYY-MM-DD'), 250.00, 'OR00000023');
INSERT INTO EXAMINATION VALUES ('E000000024', TO_DATE('2023-04-15', 'YYYY-MM-DD'), 'Ultrasound', 'Normal', TO_DATE('2023-04-25', 'YYYY-MM-DD'), 200.00, 'OR00000024');
INSERT INTO EXAMINATION VALUES ('E000000025', TO_DATE('2023-05-28', 'YYYY-MM-DD'), 'EKG', 'Abnormal Findings', TO_DATE('2023-06-05', 'YYYY-MM-DD'), 120.00, 'OR00000025');
INSERT INTO EXAMINATION VALUES ('E000000026', TO_DATE('2023-06-15', 'YYYY-MM-DD'), 'Blood Pressure Check', 'Normal', TO_DATE('2023-06-20', 'YYYY-MM-DD'), 90.00, 'OR00000001');
INSERT INTO EXAMINATION VALUES ('E000000027', TO_DATE('2023-07-10', 'YYYY-MM-DD'), 'Colonoscopy', 'Abnormal Findings', TO_DATE('2023-07-18', 'YYYY-MM-DD'), 320.00, 'OR00000002');
INSERT INTO EXAMINATION VALUES ('E000000028', TO_DATE('2023-08-22', 'YYYY-MM-DD'), 'Stress Test', 'Negative', TO_DATE('2023-08-30', 'YYYY-MM-DD'), 200.00, 'OR00000003');
INSERT INTO EXAMINATION VALUES ('E000000029', TO_DATE('2023-09-05', 'YYYY-MM-DD'), 'Allergy Test', 'Positive', TO_DATE('2023-09-12', 'YYYY-MM-DD'), 180.00, 'OR00000004');
INSERT INTO EXAMINATION VALUES ('E000000030', TO_DATE('2023-10-18', 'YYYY-MM-DD'), 'CT Scan', 'Normal', TO_DATE('2023-10-25', 'YYYY-MM-DD'), 280.00, 'OR00000005');
--16. TREAT_USE_MED:
INSERT INTO TREAT_USE_MED VALUES ('T000000001', 'AML010', 3);
INSERT INTO TREAT_USE_MED VALUES ('T000000002', 'ATV006', 2);
INSERT INTO TREAT_USE_MED VALUES ('T000000003', 'AZI011', 1);
INSERT INTO TREAT_USE_MED VALUES ('T000000004', 'CIP012', 2);
INSERT INTO TREAT_USE_MED VALUES ('T000000005', 'IBU002', 1);
INSERT INTO TREAT_USE_MED VALUES ('T000000006', 'LIS008', 6);
INSERT INTO TREAT_USE_MED VALUES ('T000000007', 'MET007', 5);
INSERT INTO TREAT_USE_MED VALUES ('T000000008', 'OMP005', 2);
INSERT INTO TREAT_USE_MED VALUES ('T000000009', 'PRD013', 2);
INSERT INTO TREAT_USE_MED VALUES ('T000000010', 'RNT014', 3);
INSERT INTO TREAT_USE_MED VALUES ('T000000011', 'SIM009', 2);
INSERT INTO TREAT_USE_MED VALUES ('T000000012', 'AML010', 4);
INSERT INTO TREAT_USE_MED VALUES ('T000000013', 'ATV006', 1);
INSERT INTO TREAT_USE_MED VALUES ('T000000014', 'AZI011', 2);
INSERT INTO TREAT_USE_MED VALUES ('T000000015', 'CIP012', 7);
INSERT INTO TREAT_USE_MED VALUES ('T000000016', 'IBU002', 3);
INSERT INTO TREAT_USE_MED VALUES ('T000000017', 'LIS008', 3);
INSERT INTO TREAT_USE_MED VALUES ('T000000018', 'MET007', 1);
INSERT INTO TREAT_USE_MED VALUES ('T000000019', 'OMP005', 2);
INSERT INTO TREAT_USE_MED VALUES ('T000000020', 'PRD013', 4);
INSERT INTO TREAT_USE_MED VALUES ('T000000021', 'AMX004', 2);
INSERT INTO TREAT_USE_MED VALUES ('T000000022', 'ASP003', 1);
INSERT INTO TREAT_USE_MED VALUES ('T000000023', 'MET015', 3);
INSERT INTO TREAT_USE_MED VALUES ('T000000024', 'PAR001', 1);
INSERT INTO TREAT_USE_MED VALUES ('T000000025', 'RNT014', 7);
INSERT INTO TREAT_USE_MED VALUES ('T000000026', 'SIM009', 2);
INSERT INTO TREAT_USE_MED VALUES ('T000000027', 'ATV006', 2);
INSERT INTO TREAT_USE_MED VALUES ('T000000028', 'IBU002', 4);
INSERT INTO TREAT_USE_MED VALUES ('T000000029', 'PRD013', 3);
INSERT INTO TREAT_USE_MED VALUES ('T000000030', 'AML010', 5);
--17. EXAM_USE_MED: 30 rows:
INSERT INTO EXAM_USE_MED VALUES ('E000000001', 'AML010', 1);
INSERT INTO EXAM_USE_MED VALUES ('E000000002', 'ATV006', 2);
INSERT INTO EXAM_USE_MED VALUES ('E000000003', 'AZI011', 1);
INSERT INTO EXAM_USE_MED VALUES ('E000000004', 'CIP012', 4);
INSERT INTO EXAM_USE_MED VALUES ('E000000005', 'IBU002', 3);
INSERT INTO EXAM_USE_MED VALUES ('E000000006', 'LIS008', 8);
INSERT INTO EXAM_USE_MED VALUES ('E000000007', 'MET007', 1);
INSERT INTO EXAM_USE_MED VALUES ('E000000008', 'OMP005', 3);
INSERT INTO EXAM_USE_MED VALUES ('E000000009', 'PRD013', 2);
INSERT INTO EXAM_USE_MED VALUES ('E000000010', 'RNT014', 2);
INSERT INTO EXAM_USE_MED VALUES ('E000000011', 'SIM009', 1);
INSERT INTO EXAM_USE_MED VALUES ('E000000012', 'AML010', 5);
INSERT INTO EXAM_USE_MED VALUES ('E000000013', 'ATV006', 1);
INSERT INTO EXAM_USE_MED VALUES ('E000000014', 'AZI011', 3);
INSERT INTO EXAM_USE_MED VALUES ('E000000015', 'CIP012', 2);
INSERT INTO EXAM_USE_MED VALUES ('E000000016', 'IBU002', 3);
INSERT INTO EXAM_USE_MED VALUES ('E000000017', 'LIS008', 6);
INSERT INTO EXAM_USE_MED VALUES ('E000000018', 'MET007', 1);
INSERT INTO EXAM_USE_MED VALUES ('E000000019', 'OMP005', 2);
INSERT INTO EXAM_USE_MED VALUES ('E000000020', 'PRD013', 2);
INSERT INTO EXAM_USE_MED VALUES ('E000000021', 'AMX004', 3);
INSERT INTO EXAM_USE_MED VALUES ('E000000022', 'ASP003', 1);
INSERT INTO EXAM_USE_MED VALUES ('E000000023', 'MET015', 4);
INSERT INTO EXAM_USE_MED VALUES ('E000000024', 'PAR001', 1);
INSERT INTO EXAM_USE_MED VALUES ('E000000025', 'RNT014', 2);
INSERT INTO EXAM_USE_MED VALUES ('E000000026', 'RNT014', 4);
INSERT INTO EXAM_USE_MED VALUES ('E000000027', 'ATV006', 3);
INSERT INTO EXAM_USE_MED VALUES ('E000000028', 'LIS008', 3);
INSERT INTO EXAM_USE_MED VALUES ('E000000029', 'CIP012', 1);
INSERT INTO EXAM_USE_MED VALUES ('E000000030', 'IBU002', 2);
--18.TREAT: 30 ROWS
INSERT INTO TREAT VALUES ('T000000001', 'E00000001', '1396478');
INSERT INTO TREAT VALUES ('T000000002', 'E00000002', '1638942');
INSERT INTO TREAT VALUES ('T000000003', 'E00000003', '2469715');
INSERT INTO TREAT VALUES ('T000000004', 'E00000004', '2597834');
INSERT INTO TREAT VALUES ('T000000005', 'E00000005', '3276154');
INSERT INTO TREAT VALUES ('T000000006', 'E00000006', '3781647');
INSERT INTO TREAT VALUES ('T000000007', 'E00000007', '3851247');
INSERT INTO TREAT VALUES ('T000000008', 'E00000008', '4621839');
INSERT INTO TREAT VALUES ('T000000009', 'E00000009', '4719023');
INSERT INTO TREAT VALUES ('T000000010', 'E00000010', '4817392');
INSERT INTO TREAT VALUES ('T000000011', 'E00000011', '5149210');
INSERT INTO TREAT VALUES ('T000000012', 'E00000012', '5473289');
INSERT INTO TREAT VALUES ('T000000013', 'E00000013', '6421856');
INSERT INTO TREAT VALUES ('T000000014', 'E00000014', '7283416');
INSERT INTO TREAT VALUES ('T000000015', 'E00000015', '7619324');
INSERT INTO TREAT VALUES ('T000000016', 'E00000016', '7712443');
INSERT INTO TREAT VALUES ('T000000017', 'E00000017', '8639124');
INSERT INTO TREAT VALUES ('T000000018', 'E00000018', '8956241');
INSERT INTO TREAT VALUES ('T000000019', 'E00000019', '9235761');
INSERT INTO TREAT VALUES ('T000000020', 'E00000020', '9387562');

INSERT INTO TREAT VALUES ('T000000021', 'E00000001', '8956241');
INSERT INTO TREAT VALUES ('T000000022', 'E00000002', '1638942');
INSERT INTO TREAT VALUES ('T000000023', 'E00000003', '2469715');
INSERT INTO TREAT VALUES ('T000000024', 'E00000004', '2597834');
INSERT INTO TREAT VALUES ('T000000025', 'E00000005', '5473289');
INSERT INTO TREAT VALUES ('T000000026', 'E00000006', '3781647');
INSERT INTO TREAT VALUES ('T000000027', 'E00000007', '9387562');
INSERT INTO TREAT VALUES ('T000000028', 'E00000008', '4621839');
INSERT INTO TREAT VALUES ('T000000029', 'E00000009', '4719023');
INSERT INTO TREAT VALUES ('T000000030', 'E00000010', '8956241');
--19.EXAMINE: 25 ROWS
INSERT INTO EXAMINE VALUES ('E000000001', 'E00000001', '1643985');
INSERT INTO EXAMINE VALUES ('E000000002', 'E00000002', '1937425');
INSERT INTO EXAMINE VALUES ('E000000003', 'E00000003', '2165483');
INSERT INTO EXAMINE VALUES ('E000000004', 'E00000004', '2948165');
INSERT INTO EXAMINE VALUES ('E000000005', 'E00000005', '3276154');
INSERT INTO EXAMINE VALUES ('E000000006', 'E00000006', '3851247');
INSERT INTO EXAMINE VALUES ('E000000007', 'E00000007', '4296138');
INSERT INTO EXAMINE VALUES ('E000000008', 'E00000008', '5134289');
INSERT INTO EXAMINE VALUES ('E000000009', 'E00000009', '5183497');
INSERT INTO EXAMINE VALUES ('E000000010', 'E00000010', '6192358');
INSERT INTO EXAMINE VALUES ('E000000011', 'E00000011', '6314789');
INSERT INTO EXAMINE VALUES ('E000000012', 'E00000012', '7491832');
INSERT INTO EXAMINE VALUES ('E000000013', 'E00000013', '7523164');
INSERT INTO EXAMINE VALUES ('E000000014', 'E00000014', '7651234');
INSERT INTO EXAMINE VALUES ('E000000015', 'E00000015', '1643985');
INSERT INTO EXAMINE VALUES ('E000000016', 'E00000016', '7712443');
INSERT INTO EXAMINE VALUES ('E000000017', 'E00000017', '8246761');
INSERT INTO EXAMINE VALUES ('E000000018', 'E00000018', '8439516');
INSERT INTO EXAMINE VALUES ('E000000019', 'E00000019', '8497213');
INSERT INTO EXAMINE VALUES ('E000000020', 'E00000020', '9483127');

INSERT INTO EXAMINE VALUES ('E000000021', 'E00000001', '4296138');
INSERT INTO EXAMINE VALUES ('E000000022', 'E00000002', '3276154');
INSERT INTO EXAMINE VALUES ('E000000023', 'E00000003', '3851247');
INSERT INTO EXAMINE VALUES ('E000000024', 'E00000004', '2948165');
INSERT INTO EXAMINE VALUES ('E000000025', 'E00000005', '8439516');
INSERT INTO EXAMINE VALUES ('E000000026', 'E00000006', '4296138');
INSERT INTO EXAMINE VALUES ('E000000027', 'E00000007', '7712443');
INSERT INTO EXAMINE VALUES ('E000000028', 'E00000008', '1643985');
INSERT INTO EXAMINE VALUES ('E000000029', 'E00000009', '2948165');
INSERT INTO EXAMINE VALUES ('E000000030', 'E00000010', '8439516');
--20.PROVIDE: 
INSERT INTO PROVIDE VALUES ('AML0100001', 10001, 225.50, TO_DATE('2023-05-15', 'YYYY-MM-DD'), 50);
INSERT INTO PROVIDE VALUES ('AML0100002', 10002, 230.00, TO_DATE('2023-06-20', 'YYYY-MM-DD'), 60);
INSERT INTO PROVIDE VALUES ('AMX0040001', 10003, 227.00, TO_DATE('2023-07-18', 'YYYY-MM-DD'), 45);
INSERT INTO PROVIDE VALUES ('AMX0040002', 10004, 235.25, TO_DATE('2023-08-30', 'YYYY-MM-DD'), 70);
INSERT INTO PROVIDE VALUES ('ASP0030001', 10005, 232.75, TO_DATE('2023-09-12', 'YYYY-MM-DD'), 65);
INSERT INTO PROVIDE VALUES ('ASP0030002', 10006, 333.50, TO_DATE('2023-10-20', 'YYYY-MM-DD'), 80);
INSERT INTO PROVIDE VALUES ('ATV0060001', 10007, 220.75, TO_DATE('2023-11-05', 'YYYY-MM-DD'), 40);
INSERT INTO PROVIDE VALUES ('ATV0060002', 10008, 222.00, TO_DATE('2023-12-10', 'YYYY-MM-DD'), 55);
INSERT INTO PROVIDE VALUES ('AZI0110001', 10001, 221.25, TO_DATE('2023-01-15', 'YYYY-MM-DD'), 30);
INSERT INTO PROVIDE VALUES ('AZI0110002', 10002, 445.00, TO_DATE('2023-02-28', 'YYYY-MM-DD'), 90);
INSERT INTO PROVIDE VALUES ('CIP0120001', 10003, 442.50, TO_DATE('2023-03-20', 'YYYY-MM-DD'), 85);
INSERT INTO PROVIDE VALUES ('CIP0120002', 10004, 444.25, TO_DATE('2023-04-25', 'YYYY-MM-DD'), 95);
INSERT INTO PROVIDE VALUES ('IBU0020001', 10005, 328.75, TO_DATE('2023-05-30', 'YYYY-MM-DD'), 75);
INSERT INTO PROVIDE VALUES ('IBU0020002', 10006, 330.00, TO_DATE('2023-06-15', 'YYYY-MM-DD'), 80);
INSERT INTO PROVIDE VALUES ('LIS0080001', 10007, 329.25, TO_DATE('2023-07-20', 'YYYY-MM-DD'), 85);
INSERT INTO PROVIDE VALUES ('LIS0080002', 10008, 333.50, TO_DATE('2023-08-10', 'YYYY-MM-DD'), 70);
INSERT INTO PROVIDE VALUES ('MET0070001', 10001, 335.00, TO_DATE('2023-09-18', 'YYYY-MM-DD'), 75);
INSERT INTO PROVIDE VALUES ('MET0070002', 10002, 334.25, TO_DATE('2023-10-22', 'YYYY-MM-DD'), 80);
INSERT INTO PROVIDE VALUES ('MET0150001', 10003, 215.50, TO_DATE('2023-11-08', 'YYYY-MM-DD'), 55);
INSERT INTO PROVIDE VALUES ('MET0150002', 10004, 217.00, TO_DATE('2023-12-12', 'YYYY-MM-DD'), 60);
INSERT INTO PROVIDE VALUES ('OMP0050001', 10005, 16.25, TO_DATE('2023-01-18', 'YYYY-MM-DD'), 65);
INSERT INTO PROVIDE VALUES ('OMP0050002', 10006, 440.25, TO_DATE('2023-02-25', 'YYYY-MM-DD'), 85);
INSERT INTO PROVIDE VALUES ('PAR0010001', 10007, 438.75, TO_DATE('2023-03-10', 'YYYY-MM-DD'), 80);
INSERT INTO PROVIDE VALUES ('PAR0010002', 10008, 339.50, TO_DATE('2023-04-15', 'YYYY-MM-DD'), 75);
INSERT INTO PROVIDE VALUES ('PRD0130001', 10001, 222.00, TO_DATE('2023-05-28', 'YYYY-MM-DD'), 65);
INSERT INTO PROVIDE VALUES ('PRD0130002', 10002, 223.50, TO_DATE('2023-06-20', 'YYYY-MM-DD'), 70);
INSERT INTO PROVIDE VALUES ('RNT0140001', 10003, 422.75, TO_DATE('2023-07-25', 'YYYY-MM-DD'), 75);
INSERT INTO PROVIDE VALUES ('RNT0140002', 10004, 130.00, TO_DATE('2023-08-05', 'YYYY-MM-DD'), 25);
INSERT INTO PROVIDE VALUES ('SIM0090001', 10005, 231.50, TO_DATE('2023-09-15', 'YYYY-MM-DD'), 50);
INSERT INTO PROVIDE VALUES ('SIM0090002', 10006, 230.75, TO_DATE('2023-10-18', 'YYYY-MM-DD'), 55);